Ownership_ID,Car_ID,Owner,Seller Type,Kilometer
1,1,First,Corporate,87150
2,2,Second,Individual,75000
3,3,First,Individual,67000
4,4,First,Individual,37500
5,5,First,Individual,69000
6,6,First,Individual,73315
7,7,Second,Individual,47000
8,8,Second,Individual,75000
9,9,First,Individual,56000
10,10,First,Individual,85000
11,11,First,Individual,20281
12,12,First,Individual,22541
13,13,First,Individual,30672
14,14,First,Individual,20856
15,15,First,Individual,41417
16,16,First,Individual,11471
17,17,First,Individual,3583
18,18,First,Individual,21365
19,19,First,Individual,30777
20,20,First,Individual,60125
21,21,First,Individual,2169
22,22,First,Individual,60240
23,23,First,Individual,13772
24,24,First,Individual,27464
25,25,First,Individual,47377
26,26,First,Individual,23086
27,27,First,Individual,36313
28,28,First,Individual,39276
29,29,First,Individual,47752
30,30,First,Individual,27963
31,31,First,Individual,24013
32,32,First,Individual,66000
33,33,First,Individual,28000
34,34,First,Individual,67000
35,35,Second,Individual,72000
36,36,First,Individual,27069
37,37,First,Individual,43000
38,38,First,Individual,71000
39,39,Second,Individual,45600
40,40,First,Individual,60000
41,41,First,Individual,105101
42,42,First,Individual,45000
43,43,First,Individual,66000
44,44,First,Individual,34105
45,45,First,Individual,68397
46,46,Second,Individual,65000
47,47,First,Individual,27469
48,48,First,Individual,41058
49,49,First,Individual,51330
50,50,First,Individual,45969
51,51,First,Individual,66602
52,52,First,Individual,57983
53,53,First,Individual,11183
54,54,First,Individual,46301
55,55,Second,Individual,34867
56,56,First,Individual,43634
57,57,First,Corporate,9512
58,58,First,Individual,11293
59,59,Second,Individual,78000
60,60,First,Individual,50374
61,61,First,Individual,15900
62,62,First,Individual,64000
63,63,First,Individual,78000
64,64,First,Individual,24000
65,65,Second,Individual,40310
66,66,First,Individual,69700
67,67,First,Individual,74073
68,68,First,Individual,73000
69,69,Third,Individual,130000
70,70,First,Individual,50000
71,71,First,Individual,24000
72,72,First,Individual,43000
73,73,First,Individual,40500
74,74,First,Individual,49013
75,75,First,Individual,64983
76,76,First,Individual,92270
77,77,First,Individual,65000
78,78,First,Individual,110000
79,79,First,Individual,47000
80,80,First,Individual,10000
81,81,Second,Individual,51500
82,82,First,Individual,35000
83,83,First,Individual,61518
84,84,First,Corporate,34000
85,85,First,Individual,36058
86,86,First,Individual,88000
87,87,First,Individual,98112
88,88,First,Individual,58000
89,89,First,Individual,92355
90,90,First,Individual,16652
91,91,First,Individual,76584
92,92,First,Individual,42500
93,93,First,Individual,70000
94,94,Second,Individual,84700
95,95,Second,Individual,83400
96,96,First,Individual,2766
97,97,Second,Individual,56000
98,98,First,Individual,68766
99,99,First,Individual,16339
100,100,First,Individual,63882
101,101,First,Individual,28732
102,102,First,Individual,51349
103,103,First,Individual,61866
104,104,First,Individual,29401
105,105,First,Individual,98580
106,106,First,Individual,8000
107,107,First,Individual,31348
108,108,First,Corporate,28851
109,109,First,Individual,38175
110,110,First,Individual,8519
111,111,First,Individual,78000
112,112,First,Individual,48000
113,113,Second,Individual,143000
114,114,First,Commercial Registration,39000
115,115,Second,Individual,24000
116,116,Second,Individual,62000
117,117,Second,Individual,78000
118,118,Fourth,Individual,48500
119,119,Second,Individual,82000
120,120,First,Individual,40910
121,121,First,Individual,10290
122,122,First,Individual,10530
123,123,First,Individual,61900
124,124,Second,Individual,78000
125,125,First,Individual,57402
126,126,First,Individual,57000
127,127,First,Individual,87500
128,128,First,Individual,16000
129,129,First,Individual,18000
130,130,First,Individual,10700
131,131,First,Individual,78000
132,132,First,Individual,16282
133,133,Third,Individual,66000
134,134,Second,Individual,72019
135,135,First,Individual,195000
136,136,Second,Individual,92170
137,137,First,Individual,55221
138,138,First,Individual,25000
139,139,Second,Individual,58888
140,140,UnRegistered Car,Individual,1
141,141,First,Individual,23500
142,142,Second,Individual,68000
143,143,First,Individual,29096
144,144,First,Individual,61223
145,145,First,Individual,86000
146,146,First,Individual,87000
147,147,First,Individual,79287
148,148,Second,Individual,47009
149,149,First,Corporate,48945
150,150,First,Individual,17000
151,151,First,Individual,55000
152,152,First,Individual,38779
153,153,First,Individual,72000
154,154,First,Individual,67000
155,155,First,Individual,67000
156,156,Second,Individual,70000
157,157,First,Individual,6000
158,158,First,Individual,46000
159,159,First,Individual,34000
160,160,First,Individual,23103
161,161,First,Individual,27000
162,162,First,Individual,9576
163,163,First,Individual,27000
164,164,First,Individual,1942
165,165,Third,Individual,119300
166,166,First,Individual,55000
167,167,Second,Individual,98000
168,168,First,Individual,61400
169,169,First,Individual,87693
170,170,First,Individual,31000
171,171,First,Individual,75210
172,172,First,Individual,69000
173,173,Second,Individual,88000
174,174,First,Individual,15000
175,175,First,Individual,45350
176,176,First,Individual,68189
177,177,First,Individual,75000
178,178,First,Individual,45000
179,179,Second,Individual,33000
180,180,Second,Individual,83000
181,181,First,Individual,78000
182,182,First,Individual,211000
183,183,First,Individual,67000
184,184,First,Individual,75000
185,185,Second,Individual,48600
186,186,First,Individual,48000
187,187,First,Individual,5790
188,188,First,Individual,32000
189,189,First,Individual,65433
190,190,First,Individual,87230
191,191,Second,Individual,38258
192,192,First,Individual,56881
193,193,Second,Individual,76000
194,194,Second,Individual,72000
195,195,UnRegistered Car,Individual,72000
196,196,First,Individual,60514
197,197,First,Individual,71141
198,198,First,Individual,40937
199,199,First,Individual,37000
200,200,First,Individual,46000
201,201,First,Individual,86999
202,202,Second,Individual,70200
203,203,First,Individual,64800
204,204,First,Individual,73000
205,205,Second,Individual,72000
206,206,First,Individual,76345
207,207,First,Individual,40564
208,208,First,Individual,98500
209,209,First,Individual,46807
210,210,First,Individual,81000
211,211,First,Individual,13716
212,212,First,Individual,89000
213,213,First,Individual,13000
214,214,First,Individual,38000
215,215,Second,Corporate,25500
216,216,First,Individual,17000
217,217,First,Individual,44724
218,218,Second,Individual,24549
219,219,First,Corporate,97000
220,220,First,Individual,7800
221,221,First,Corporate,78000
222,222,First,Individual,55000
223,223,UnRegistered Car,Individual,20000
224,224,First,Individual,13594
225,225,First,Individual,75000
226,226,First,Individual,65000
227,227,First,Individual,43037
228,228,First,Individual,26000
229,229,First,Individual,78000
230,230,First,Individual,115000
231,231,First,Individual,8700
232,232,First,Corporate,31000
233,233,First,Individual,41736
234,234,Second,Individual,40000
235,235,First,Corporate,55000
236,236,First,Individual,160000
237,237,First,Individual,11000
238,238,First,Individual,24690
239,239,Second,Individual,117000
240,240,First,Individual,95000
241,241,First,Individual,76000
242,242,First,Individual,18000
243,243,First,Individual,38000
244,244,First,Individual,43000
245,245,First,Individual,107000
246,246,First,Individual,13000
247,247,Second,Individual,85000
248,248,First,Individual,8922
249,249,First,Individual,47800
250,250,First,Individual,143000
251,251,First,Individual,68758
252,252,Second,Individual,72000
253,253,First,Individual,7500
254,254,Second,Individual,37000
255,255,First,Individual,22402
256,256,First,Corporate,12382
257,257,First,Individual,61000
258,258,First,Individual,90868
259,259,Second,Individual,84700
260,260,First,Individual,22010
261,261,Second,Individual,72000
262,262,First,Individual,75500
263,263,First,Individual,25000
264,264,First,Individual,38000
265,265,First,Individual,39586
266,266,First,Individual,33647
267,267,Second,Individual,75576
268,268,First,Individual,86000
269,269,First,Individual,57847
270,270,First,Individual,74000
271,271,First,Individual,58000
272,272,Second,Individual,85000
273,273,First,Individual,26000
274,274,First,Individual,18000
275,275,First,Individual,11000
276,276,First,Individual,57300
277,277,Second,Individual,74000
278,278,First,Individual,25000
279,279,Second,Individual,39000
280,280,First,Individual,45000
281,281,Second,Individual,80852
282,282,First,Individual,75592
283,283,First,Individual,54420
284,284,First,Individual,39780
285,285,Second,Individual,78301
286,286,First,Individual,38000
287,287,First,Individual,126535
288,288,First,Individual,37079
289,289,First,Individual,87200
290,290,Second,Individual,51000
291,291,First,Individual,39000
292,292,Second,Individual,90000
293,293,First,Individual,29999
294,294,First,Individual,100472
295,295,First,Individual,84700
296,296,First,Individual,19759
297,297,First,Individual,66000
298,298,First,Individual,56000
299,299,First,Individual,3383
300,300,First,Individual,42000
301,301,Second,Individual,65000
302,302,First,Individual,17000
303,303,Second,Individual,38000
304,304,First,Individual,62500
305,305,First,Individual,30229
306,306,First,Corporate,9000
307,307,First,Individual,26600
308,308,Second,Individual,86000
309,309,First,Individual,86000
310,310,First,Individual,125000
311,311,First,Individual,29135
312,312,First,Corporate,50965
313,313,First,Individual,72000
314,314,First,Individual,28000
315,315,First,Individual,42000
316,316,First,Individual,11850
317,317,First,Individual,32000
318,318,First,Individual,24000
319,319,Second,Individual,50623
320,320,Fourth,Individual,85000
321,321,First,Individual,1700
322,322,First,Individual,43260
323,323,Second,Individual,67738
324,324,First,Individual,69000
325,325,First,Individual,93417
326,326,First,Individual,14722
327,327,First,Individual,29000
328,328,First,Corporate,60200
329,329,First,Individual,140000
330,330,First,Individual,23798
331,331,First,Individual,55000
332,332,First,Individual,51000
333,333,Second,Individual,49000
334,334,First,Individual,48000
335,335,First,Individual,121000
336,336,First,Individual,74000
337,337,Second,Individual,102000
338,338,First,Individual,32000
339,339,First,Individual,48400
340,340,First,Individual,97000
341,341,First,Individual,16000
342,342,First,Corporate,55700
343,343,First,Individual,80000
344,344,First,Individual,115000
345,345,First,Individual,74000
346,346,First,Individual,61000
347,347,First,Individual,104814
348,348,First,Individual,17000
349,349,Second,Individual,60000
350,350,First,Individual,45000
351,351,First,Individual,75811
352,352,First,Individual,3813
353,353,First,Individual,64928
354,354,First,Individual,68500
355,355,First,Individual,85000
356,356,First,Individual,41296
357,357,First,Individual,72567
358,358,First,Individual,4295
359,359,First,Individual,82000
360,360,First,Individual,33000
361,361,First,Individual,54000
362,362,First,Individual,68000
363,363,UnRegistered Car,Individual,8530
364,364,First,Individual,46000
365,365,First,Individual,26000
366,366,Second,Individual,39394
367,367,First,Individual,35000
368,368,First,Individual,17881
369,369,Second,Individual,48409
370,370,First,Individual,40000
371,371,First,Individual,61643
372,372,Second,Individual,21000
373,373,First,Individual,1500
374,374,First,Individual,38985
375,375,First,Individual,52000
376,376,First,Individual,42000
377,377,First,Individual,29442
378,378,First,Individual,71800
379,379,First,Individual,5000
380,380,First,Individual,18000
381,381,First,Individual,37000
382,382,Second,Individual,85000
383,383,Second,Individual,65555
384,384,First,Individual,35000
385,385,First,Individual,87000
386,386,First,Individual,42000
387,387,Second,Individual,68000
388,388,First,Individual,600
389,389,Third,Individual,192326
390,390,UnRegistered Car,Individual,82000
391,391,First,Individual,86006
392,392,First,Individual,75000
393,393,First,Individual,99000
394,394,First,Individual,21651
395,395,First,Individual,84000
396,396,Second,Individual,65000
397,397,First,Individual,31000
398,398,First,Individual,17000
399,399,First,Individual,28000
400,400,First,Individual,64000
401,401,First,Individual,85000
402,402,Third,Individual,35000
403,403,First,Individual,44000
404,404,Second,Individual,32000
405,405,First,Individual,49857
406,406,First,Individual,46000
407,407,Second,Individual,50000
408,408,First,Individual,36000
409,409,First,Individual,13000
410,410,First,Individual,40000
411,411,Third,Individual,39000
412,412,First,Individual,45000
413,413,Second,Individual,87513
414,414,First,Individual,26000
415,415,First,Individual,3800
416,416,First,Individual,35123
417,417,First,Individual,21000
418,418,First,Individual,2670
419,419,First,Individual,124000
420,420,First,Individual,9889
421,421,First,Individual,13000
422,422,First,Individual,35000
423,423,First,Individual,51145
424,424,First,Individual,13000
425,425,Third,Individual,56000
426,426,First,Individual,120000
427,427,First,Individual,45000
428,428,First,Individual,82900
429,429,Second,Individual,56843
430,430,First,Individual,64000
431,431,First,Individual,9644
432,432,Second,Individual,41624
433,433,First,Individual,82844
434,434,Second,Individual,78000
435,435,First,Individual,60444
436,436,First,Individual,6000
437,437,First,Individual,125000
438,438,First,Individual,13000
439,439,First,Individual,112000
440,440,First,Individual,54948
441,441,First,Individual,53300
442,442,First,Individual,34000
443,443,First,Individual,21000
444,444,Second,Individual,25500
445,445,Second,Individual,157662
446,446,First,Individual,20000
447,447,First,Individual,78900
448,448,First,Individual,52000
449,449,First,Individual,11000
450,450,First,Individual,103000
451,451,First,Individual,95785
452,452,First,Individual,92000
453,453,First,Individual,43000
454,454,First,Individual,39328
455,455,First,Individual,18625
456,456,First,Individual,26000
457,457,Second,Individual,81000
458,458,First,Individual,92000
459,459,First,Individual,38000
460,460,Second,Individual,93000
461,461,First,Individual,10340
462,462,First,Individual,47706
463,463,First,Individual,13400
464,464,First,Individual,44613
465,465,First,Individual,7000
466,466,First,Individual,29000
467,467,First,Corporate,23000
468,468,First,Individual,67580
469,469,First,Individual,42000
470,470,First,Individual,16205
471,471,Third,Individual,92000
472,472,First,Individual,29000
473,473,First,Individual,14000
474,474,First,Individual,69000
475,475,First,Individual,114635
476,476,Second,Individual,50000
477,477,First,Individual,29221
478,478,First,Individual,158000
479,479,Second,Individual,77000
480,480,UnRegistered Car,Individual,5500
481,481,Second,Individual,70000
482,482,Second,Individual,65341
483,483,First,Individual,32000
484,484,First,Individual,9500
485,485,First,Individual,17904
486,486,First,Individual,95000
487,487,First,Individual,72000
488,488,First,Individual,65082
489,489,Third,Individual,66240
490,490,First,Individual,25275
491,491,First,Individual,67850
492,492,First,Individual,60000
493,493,Second,Individual,88500
494,494,First,Corporate,105000
495,495,First,Individual,45000
496,496,First,Individual,8000
497,497,First,Corporate,38000
498,498,First,Individual,55055
499,499,First,Individual,22000
500,500,Second,Individual,95000
501,501,First,Individual,25704
502,502,Second,Individual,55353
503,503,First,Individual,80000
504,504,First,Corporate,62000
505,505,First,Individual,41526
506,506,Second,Individual,29434
507,507,First,Individual,42000
508,508,First,Individual,14000
509,509,First,Individual,35000
510,510,Second,Individual,75000
511,511,First,Individual,6000
512,512,Second,Individual,61000
513,513,First,Individual,45000
514,514,First,Individual,31000
515,515,First,Individual,39000
516,516,First,Individual,52000
517,517,First,Individual,54000
518,518,First,Individual,51000
519,519,First,Individual,72000
520,520,First,Individual,65000
521,521,First,Individual,50000
522,522,Second,Individual,80251
523,523,Second,Individual,86000
524,524,First,Individual,42505
525,525,First,Individual,42000
526,526,First,Individual,42200
527,527,First,Individual,57600
528,528,First,Individual,57000
529,529,First,Individual,85000
530,530,Second,Corporate,128000
531,531,First,Individual,66000
532,532,First,Individual,58000
533,533,First,Individual,89445
534,534,Second,Individual,64120
535,535,First,Individual,82300
536,536,First,Individual,73000
537,537,First,Individual,72000
538,538,First,Individual,50197
539,539,First,Individual,44527
540,540,First,Individual,72400
541,541,Second,Individual,50000
542,542,First,Individual,37000
543,543,First,Individual,20000
544,544,First,Individual,8000
545,545,Second,Individual,69000
546,546,First,Individual,25000
547,547,First,Individual,17000
548,548,First,Individual,61000
549,549,First,Individual,69000
550,550,Second,Individual,77000
551,551,First,Individual,82200
552,552,First,Individual,28000
553,553,Second,Individual,117000
554,554,First,Individual,7900
555,555,First,Individual,72000
556,556,Second,Individual,79000
557,557,First,Individual,72600
558,558,Second,Individual,42313
559,559,First,Individual,18000
560,560,First,Individual,90000
561,561,First,Individual,18500
562,562,First,Individual,36000
563,563,First,Individual,26200
564,564,Second,Individual,11000
565,565,First,Individual,14366
566,566,First,Individual,98000
567,567,Second,Individual,65000
568,568,First,Individual,126000
569,569,Second,Individual,71700
570,570,First,Individual,114000
571,571,First,Individual,58339
572,572,Second,Individual,50667
573,573,First,Individual,72040
574,574,First,Individual,6000
575,575,First,Individual,6200
576,576,Third,Individual,44000
577,577,First,Individual,6900
578,578,First,Individual,2500
579,579,First,Individual,68000
580,580,First,Individual,36000
581,581,First,Individual,19000
582,582,First,Individual,10000
583,583,First,Individual,35000
584,584,First,Individual,6400
585,585,First,Individual,34000
586,586,Second,Individual,35000
587,587,First,Individual,46000
588,588,First,Individual,83000
589,589,Third,Individual,54000
590,590,First,Individual,42000
591,591,First,Individual,41441
592,592,First,Individual,48174
593,593,First,Individual,62591
594,594,First,Individual,48650
595,595,First,Individual,52245
596,596,First,Individual,7500
597,597,First,Individual,65000
598,598,First,Individual,43297
599,599,First,Individual,44710
600,600,First,Individual,62000
601,601,First,Individual,59267
602,602,First,Individual,69000
603,603,First,Commercial Registration,75000
604,604,First,Individual,52236
605,605,First,Individual,47000
606,606,First,Individual,15530
607,607,First,Individual,64000
608,608,First,Individual,35000
609,609,First,Individual,92000
610,610,First,Individual,18000
611,611,First,Individual,50000
612,612,First,Individual,2000
613,613,First,Individual,72000
614,614,First,Individual,16000
615,615,Second,Individual,103890
616,616,First,Individual,71000
617,617,First,Individual,12000
618,618,First,Individual,93000
619,619,Second,Individual,63000
620,620,First,Individual,10000
621,621,First,Individual,33828
622,622,First,Individual,48000
623,623,First,Individual,71000
624,624,First,Individual,18000
625,625,First,Individual,50000
626,626,First,Individual,48000
627,627,First,Individual,4000
628,628,Second,Individual,73000
629,629,First,Individual,170669
630,630,First,Individual,68000
631,631,Second,Individual,70000
632,632,First,Individual,57654
633,633,First,Individual,22000
634,634,Second,Individual,80000
635,635,First,Individual,41792
636,636,First,Individual,41000
637,637,Second,Individual,107021
638,638,First,Individual,17000
639,639,First,Individual,57993
640,640,First,Individual,18000
641,641,First,Individual,32000
642,642,First,Corporate,25914
643,643,First,Individual,49235
644,644,First,Individual,4500
645,645,Second,Individual,114000
646,646,Second,Individual,105000
647,647,First,Individual,45000
648,648,First,Individual,30183
649,649,Third,Individual,78000
650,650,Second,Individual,73190
651,651,First,Individual,13120
652,652,First,Individual,64000
653,653,First,Individual,140000
654,654,First,Individual,39000
655,655,Second,Individual,56918
656,656,First,Individual,55000
657,657,First,Individual,42000
658,658,First,Individual,25000
659,659,First,Individual,28000
660,660,Second,Individual,43000
661,661,First,Individual,16000
662,662,Second,Individual,27657
663,663,First,Individual,30000
664,664,First,Individual,111000
665,665,First,Individual,37600
666,666,First,Individual,48000
667,667,First,Individual,37000
668,668,First,Individual,54000
669,669,Second,Individual,81802
670,670,First,Individual,45915
671,671,First,Individual,24000
672,672,First,Individual,22224
673,673,First,Individual,38000
674,674,First,Individual,53848
675,675,Second,Individual,104264
676,676,Second,Individual,61159
677,677,First,Individual,72000
678,678,First,Individual,29000
679,679,First,Individual,42000
680,680,First,Individual,40000
681,681,First,Individual,57400
682,682,Second,Individual,13500
683,683,First,Individual,12400
684,684,First,Individual,38000
685,685,First,Individual,7000
686,686,Second,Individual,121000
687,687,First,Individual,76000
688,688,First,Individual,50000
689,689,Second,Individual,46721
690,690,First,Individual,41470
691,691,Third,Individual,170000
692,692,Second,Individual,80000
693,693,First,Corporate,6000
694,694,First,Individual,17000
695,695,First,Individual,31000
696,696,Second,Individual,73265
697,697,First,Individual,47000
698,698,First,Individual,42000
699,699,Second,Individual,25000
700,700,Third,Individual,140000
701,701,First,Individual,68818
702,702,First,Individual,57000
703,703,First,Individual,39000
704,704,First,Individual,12050
705,705,First,Individual,24100
706,706,First,Individual,23000
707,707,First,Individual,185000
708,708,First,Individual,76000
709,709,First,Individual,47000
710,710,First,Individual,1910
711,711,First,Individual,23000
712,712,Second,Individual,36978
713,713,First,Individual,33000
714,714,First,Individual,18954
715,715,First,Individual,58200
716,716,First,Individual,83000
717,717,Second,Individual,80000
718,718,First,Individual,75000
719,719,First,Individual,64000
720,720,First,Individual,117048
721,721,First,Individual,47000
722,722,First,Individual,43290
723,723,First,Individual,70000
724,724,First,Individual,7000
725,725,First,Individual,150000
726,726,First,Individual,125000
727,727,First,Individual,42079
728,728,First,Individual,62645
729,729,First,Individual,69000
730,730,Second,Individual,70662
731,731,Second,Individual,40000
732,732,Third,Individual,101347
733,733,First,Individual,36700
734,734,First,Individual,240000
735,735,First,Individual,76529
736,736,Second,Individual,85000
737,737,First,Individual,99000
738,738,Second,Individual,37959
739,739,First,Individual,60000
740,740,First,Individual,27000
741,741,Second,Individual,75000
742,742,First,Individual,1300
743,743,First,Individual,21696
744,744,First,Individual,33000
745,745,First,Individual,6000
746,746,First,Individual,19000
747,747,First,Individual,58618
748,748,First,Individual,10500
749,749,First,Commercial Registration,85641
750,750,First,Individual,41669
751,751,First,Individual,10000
752,752,First,Individual,36000
753,753,First,Individual,31000
754,754,First,Individual,37180
755,755,First,Individual,14000
756,756,Second,Individual,53512
757,757,UnRegistered Car,Individual,4600
758,758,First,Individual,40000
759,759,Second,Individual,65000
760,760,First,Individual,32963
761,761,Second,Individual,101000
762,762,First,Individual,14000
763,763,First,Individual,50500
764,764,First,Individual,80849
765,765,First,Individual,19868
766,766,First,Individual,45000
767,767,First,Individual,30858
768,768,First,Individual,56500
769,769,First,Individual,37003
770,770,First,Individual,11000
771,771,First,Individual,53000
772,772,First,Individual,75000
773,773,First,Individual,120000
774,774,First,Individual,44087
775,775,First,Individual,39000
776,776,First,Individual,59000
777,777,First,Individual,45000
778,778,Second,Individual,92000
779,779,First,Individual,48422
780,780,First,Individual,29000
781,781,First,Individual,37500
782,782,Second,Individual,62000
783,783,First,Individual,17000
784,784,First,Individual,76642
785,785,First,Individual,44000
786,786,First,Individual,20000
787,787,Second,Individual,102000
788,788,First,Individual,9000
789,789,First,Individual,135000
790,790,First,Individual,14500
791,791,First,Individual,31552
792,792,First,Individual,70000
793,793,First,Individual,35134
794,794,Third,Individual,45000
795,795,First,Individual,18000
796,796,First,Individual,8000
797,797,First,Individual,62125
798,798,First,Individual,78000
799,799,First,Individual,64300
800,800,First,Individual,28000
801,801,First,Individual,28600
802,802,Second,Individual,69500
803,803,First,Individual,70000
804,804,First,Individual,24000
805,805,First,Individual,69500
806,806,First,Individual,25500
807,807,First,Individual,20000
808,808,Second,Individual,55000
809,809,First,Individual,8640
810,810,First,Individual,80500
811,811,Second,Individual,65000
812,812,First,Individual,5750
813,813,First,Individual,50000
814,814,First,Individual,28000
815,815,First,Individual,75431
816,816,UnRegistered Car,Individual,43000
817,817,First,Individual,44876
818,818,Second,Individual,95610
819,819,First,Individual,51000
820,820,Second,Individual,110000
821,821,First,Individual,53693
822,822,First,Individual,70000
823,823,First,Individual,57000
824,824,First,Individual,63000
825,825,First,Individual,65494
826,826,First,Individual,53807
827,827,First,Individual,46000
828,828,Second,Individual,67546
829,829,First,Individual,14500
830,830,First,Individual,37100
831,831,First,Individual,30000
832,832,First,Individual,89059
833,833,Second,Individual,77000
834,834,First,Individual,42000
835,835,First,Individual,58146
836,836,First,Individual,13000
837,837,Second,Individual,75000
838,838,First,Corporate,20500
839,839,Third,Individual,50500
840,840,UnRegistered Car,Individual,3826
841,841,First,Individual,53000
842,842,Second,Individual,37000
843,843,Second,Individual,38000
844,844,First,Individual,8499
845,845,First,Individual,61181
846,846,First,Individual,45000
847,847,First,Individual,102000
848,848,First,Individual,9232
849,849,First,Individual,72542
850,850,First,Individual,42601
851,851,Second,Individual,90000
852,852,First,Individual,65000
853,853,First,Individual,40000
854,854,Second,Individual,106223
855,855,Second,Individual,115000
856,856,First,Individual,50000
857,857,First,Individual,30000
858,858,First,Individual,39850
859,859,First,Individual,80000
860,860,First,Individual,96095
861,861,First,Individual,12768
862,862,UnRegistered Car,Individual,12321
863,863,First,Corporate,65100
864,864,First,Individual,30000
865,865,First,Individual,12000
866,866,First,Individual,33000
867,867,First,Individual,13000
868,868,Second,Individual,57000
869,869,Third,Individual,61000
870,870,Second,Individual,48000
871,871,First,Individual,118000
872,872,Second,Individual,44000
873,873,First,Individual,59000
874,874,Second,Individual,99000
875,875,Second,Individual,75000
876,876,First,Individual,79000
877,877,Second,Individual,114000
878,878,First,Individual,82000
879,879,First,Individual,80000
880,880,First,Individual,65000
881,881,First,Individual,57000
882,882,Second,Individual,26807
883,883,First,Individual,23000
884,884,First,Individual,112000
885,885,First,Individual,5000
886,886,First,Individual,70000
887,887,First,Individual,53929
888,888,First,Individual,49580
889,889,Second,Individual,85000
890,890,First,Individual,61000
891,891,Second,Individual,35000
892,892,First,Individual,42000
893,893,Second,Individual,69000
894,894,First,Individual,70000
895,895,First,Individual,15780
896,896,Second,Individual,40031
897,897,First,Individual,46000
898,898,First,Individual,50800
899,899,First,Individual,3000
900,900,First,Individual,95000
901,901,Second,Individual,112000
902,902,First,Individual,36000
903,903,First,Individual,3500
904,904,First,Individual,30000
905,905,Second,Individual,107879
906,906,First,Individual,19000
907,907,Second,Individual,31100
908,908,Second,Individual,65000
909,909,Second,Individual,49000
910,910,First,Individual,5000
911,911,First,Individual,11000
912,912,First,Individual,28000
913,913,First,Individual,9400
914,914,First,Individual,77000
915,915,Second,Individual,27000
916,916,First,Individual,15507
917,917,Second,Individual,70000
918,918,First,Individual,44000
919,919,First,Individual,70000
920,920,Second,Individual,145000
921,921,First,Individual,24000
922,922,First,Individual,47721
923,923,First,Individual,26000
924,924,First,Individual,15507
925,925,Second,Individual,39000
926,926,First,Individual,58000
927,927,Second,Individual,82000
928,928,Second,Individual,95315
929,929,Second,Individual,46000
930,930,First,Individual,11874
931,931,First,Individual,86000
932,932,Second,Individual,111000
933,933,Second,Individual,50000
934,934,First,Corporate,28000
935,935,First,Individual,25000
936,936,First,Individual,12000
937,937,First,Individual,32000
938,938,First,Individual,45000
939,939,First,Corporate,70000
940,940,First,Individual,112000
941,941,Second,Individual,51800
942,942,First,Individual,22000
943,943,First,Individual,155000
944,944,Second,Individual,60000
945,945,First,Individual,23000
946,946,First,Individual,75000
947,947,First,Individual,71000
948,948,First,Individual,64000
949,949,First,Individual,45326
950,950,First,Individual,28079
951,951,First,Individual,15529
952,952,First,Corporate,43200
953,953,Second,Individual,29386
954,954,First,Individual,18105
955,955,First,Individual,125372
956,956,First,Individual,100000
957,957,First,Individual,40000
958,958,First,Individual,31000
959,959,First,Individual,42000
960,960,First,Individual,65001
961,961,First,Individual,42533
962,962,First,Individual,45000
963,963,Second,Individual,36000
964,964,Second,Individual,44000
965,965,First,Individual,85000
966,966,First,Individual,17000
967,967,First,Individual,72000
968,968,First,Individual,34400
969,969,First,Individual,8800
970,970,First,Individual,2000
971,971,First,Individual,19700
972,972,First,Individual,45000
973,973,First,Individual,73000
974,974,First,Individual,76000
975,975,First,Individual,110000
976,976,First,Individual,2700
977,977,First,Individual,75000
978,978,Second,Corporate,60000
979,979,First,Individual,110000
980,980,Second,Individual,70000
981,981,First,Individual,42000
982,982,First,Individual,70000
983,983,First,Individual,52890
984,984,First,Corporate,72870
985,985,First,Individual,48591
986,986,First,Individual,60888
987,987,First,Individual,48000
988,988,First,Individual,20251
989,989,First,Individual,49000
990,990,First,Individual,66000
991,991,First,Individual,54200
992,992,First,Individual,33000
993,993,First,Individual,51292
994,994,Second,Individual,89000
995,995,First,Individual,55000
996,996,Third,Individual,71000
997,997,First,Individual,20000
998,998,First,Individual,68500
999,999,First,Corporate,99000
1000,1000,First,Corporate,110000
1001,1001,First,Individual,19244
1002,1002,First,Individual,19000
1003,1003,Second,Individual,75000
1004,1004,First,Individual,29000
1005,1005,Second,Individual,60000
1006,1006,Second,Individual,80000
1007,1007,Second,Individual,54500
1008,1008,First,Individual,38000
1009,1009,First,Individual,16785
1010,1010,Second,Individual,52000
1011,1011,First,Individual,76000
1012,1012,First,Individual,42678
1013,1013,Second,Individual,95000
1014,1014,Second,Individual,65000
1015,1015,First,Individual,31000
1016,1016,First,Individual,82682
1017,1017,First,Individual,70500
1018,1018,First,Individual,10000
1019,1019,First,Individual,57159
1020,1020,First,Individual,82000
1021,1021,First,Individual,120000
1022,1022,First,Individual,17000
1023,1023,Second,Individual,40000
1024,1024,First,Individual,58100
1025,1025,First,Individual,12749
1026,1026,First,Individual,83466
1027,1027,Second,Individual,86000
1028,1028,Second,Individual,60921
1029,1029,First,Individual,78000
1030,1030,First,Corporate,53000
1031,1031,First,Individual,34736
1032,1032,First,Individual,14400
1033,1033,Second,Individual,85000
1034,1034,Second,Individual,80000
1035,1035,First,Individual,77590
1036,1036,Third,Individual,25000
1037,1037,First,Individual,40545
1038,1038,4 or More,Individual,80000
1039,1039,Second,Individual,56852
1040,1040,First,Individual,42000
1041,1041,Second,Individual,55000
1042,1042,Second,Individual,53000
1043,1043,First,Individual,17000
1044,1044,First,Individual,50000
1045,1045,Third,Individual,70000
1046,1046,First,Individual,75793
1047,1047,Second,Corporate,34000
1048,1048,First,Individual,89311
1049,1049,First,Individual,80000
1050,1050,First,Individual,38000
1051,1051,Second,Individual,69500
1052,1052,First,Individual,66794
1053,1053,First,Corporate,27000
1054,1054,First,Individual,35616
1055,1055,First,Individual,64000
1056,1056,First,Individual,7000
1057,1057,First,Individual,45000
1058,1058,First,Individual,9000
1059,1059,Second,Individual,67738
1060,1060,First,Individual,11030
1061,1061,First,Individual,49123
1062,1062,First,Individual,125000
1063,1063,First,Individual,46000
1064,1064,Second,Individual,65000
1065,1065,First,Individual,64000
1066,1066,First,Individual,7942
1067,1067,First,Individual,52100
1068,1068,First,Individual,32809
1069,1069,First,Individual,101000
1070,1070,First,Individual,40500
1071,1071,First,Corporate,25700
1072,1072,Second,Individual,85000
1073,1073,First,Individual,17268
1074,1074,First,Individual,68000
1075,1075,Third,Individual,30000
1076,1076,First,Individual,57000
1077,1077,First,Corporate,44100
1078,1078,Second,Individual,91840
1079,1079,Third,Individual,115000
1080,1080,First,Individual,23000
1081,1081,First,Individual,58000
1082,1082,First,Individual,95786
1083,1083,First,Individual,95401
1084,1084,First,Individual,7000
1085,1085,First,Individual,24000
1086,1086,First,Individual,68000
1087,1087,First,Individual,41273
1088,1088,First,Individual,66000
1089,1089,First,Individual,65954
1090,1090,First,Individual,28000
1091,1091,First,Individual,38848
1092,1092,First,Individual,30000
1093,1093,First,Individual,27000
1094,1094,First,Individual,69000
1095,1095,First,Individual,22700
1096,1096,First,Individual,9212
1097,1097,Second,Individual,41000
1098,1098,Second,Individual,100000
1099,1099,First,Individual,13066
1100,1100,First,Individual,75000
1101,1101,First,Individual,53241
1102,1102,First,Individual,12000
1103,1103,First,Individual,65000
1104,1104,Second,Individual,97000
1105,1105,Second,Individual,49000
1106,1106,First,Individual,64000
1107,1107,Second,Individual,78000
1108,1108,First,Individual,56000
1109,1109,First,Individual,39000
1110,1110,Second,Individual,55000
1111,1111,Second,Individual,53000
1112,1112,First,Individual,1374
1113,1113,First,Individual,68000
1114,1114,First,Individual,35000
1115,1115,First,Individual,39000
1116,1116,First,Individual,62000
1117,1117,First,Individual,11000
1118,1118,First,Individual,11000
1119,1119,Second,Individual,102000
1120,1120,First,Individual,7000
1121,1121,First,Individual,20000
1122,1122,First,Individual,25000
1123,1123,First,Individual,22000
1124,1124,First,Individual,65000
1125,1125,First,Individual,47000
1126,1126,First,Individual,2000000
1127,1127,Second,Individual,27011
1128,1128,Second,Individual,45545
1129,1129,First,Individual,18000
1130,1130,First,Individual,72782
1131,1131,First,Individual,16800
1132,1132,First,Corporate,40900
1133,1133,First,Corporate,39000
1134,1134,First,Individual,77000
1135,1135,Second,Individual,120000
1136,1136,First,Individual,38700
1137,1137,First,Individual,7239
1138,1138,First,Individual,14000
1139,1139,First,Individual,76000
1140,1140,First,Individual,11000
1141,1141,First,Individual,81300
1142,1142,First,Individual,76000
1143,1143,First,Individual,91460
1144,1144,First,Individual,45000
1145,1145,First,Individual,47000
1146,1146,First,Individual,50000
1147,1147,First,Individual,133273
1148,1148,First,Individual,60500
1149,1149,First,Individual,81000
1150,1150,Second,Individual,22000
1151,1151,First,Individual,88000
1152,1152,First,Individual,19759
1153,1153,First,Individual,77000
1154,1154,First,Individual,58200
1155,1155,First,Individual,4000
1156,1156,First,Individual,42000
1157,1157,First,Individual,63000
1158,1158,First,Individual,42855
1159,1159,First,Individual,24000
1160,1160,First,Individual,34000
1161,1161,First,Individual,9500
1162,1162,Second,Individual,32000
1163,1163,First,Individual,97000
1164,1164,Second,Individual,72900
1165,1165,First,Individual,28000
1166,1166,First,Individual,6000
1167,1167,First,Corporate,24500
1168,1168,First,Individual,41000
1169,1169,First,Individual,50000
1170,1170,First,Individual,66000
1171,1171,First,Individual,38000
1172,1172,First,Individual,17000
1173,1173,First,Individual,74000
1174,1174,First,Individual,22000
1175,1175,First,Individual,20690
1176,1176,First,Individual,40000
1177,1177,First,Individual,50000
1178,1178,Second,Individual,70000
1179,1179,First,Individual,20000
1180,1180,First,Individual,47248
1181,1181,First,Individual,9000
1182,1182,Second,Individual,78000
1183,1183,First,Individual,51000
1184,1184,First,Individual,34841
1185,1185,First,Individual,46000
1186,1186,First,Individual,61000
1187,1187,First,Individual,55000
1188,1188,First,Individual,58736
1189,1189,First,Individual,34000
1190,1190,First,Individual,47000
1191,1191,First,Individual,47000
1192,1192,First,Individual,79000
1193,1193,First,Individual,12020
1194,1194,First,Individual,7000
1195,1195,First,Individual,15000
1196,1196,Second,Individual,82000
1197,1197,First,Individual,6000
1198,1198,First,Individual,68000
1199,1199,First,Individual,24000
1200,1200,First,Individual,56000
1201,1201,First,Corporate,25000
1202,1202,First,Individual,34000
1203,1203,First,Individual,10700
1204,1204,First,Individual,25000
1205,1205,Second,Individual,54000
1206,1206,First,Individual,75000
1207,1207,First,Individual,88000
1208,1208,Second,Individual,139000
1209,1209,First,Individual,1300
1210,1210,First,Individual,20000
1211,1211,First,Individual,122000
1212,1212,First,Individual,38000
1213,1213,First,Individual,18500
1214,1214,First,Individual,27800
1215,1215,First,Individual,46027
1216,1216,First,Individual,23148
1217,1217,First,Individual,28000
1218,1218,First,Individual,11874
1219,1219,First,Individual,50000
1220,1220,Third,Individual,88000
1221,1221,Second,Individual,75000
1222,1222,First,Individual,15500
1223,1223,Second,Individual,82445
1224,1224,Second,Individual,75574
1225,1225,First,Individual,64000
1226,1226,First,Individual,75000
1227,1227,First,Individual,14095
1228,1228,First,Individual,17000
1229,1229,First,Individual,70000
1230,1230,First,Individual,68000
1231,1231,Second,Individual,40000
1232,1232,First,Individual,39000
1233,1233,First,Individual,72000
1234,1234,First,Individual,39000
1235,1235,First,Individual,62000
1236,1236,Second,Individual,41086
1237,1237,Second,Individual,65000
1238,1238,First,Individual,7900
1239,1239,First,Individual,22000
1240,1240,Second,Individual,73000
1241,1241,Second,Individual,55000
1242,1242,First,Individual,6900
1243,1243,First,Individual,65000
1244,1244,First,Individual,48000
1245,1245,Second,Individual,48000
1246,1246,First,Individual,18000
1247,1247,Third,Individual,27000
1248,1248,First,Individual,78000
1249,1249,Second,Individual,87938
1250,1250,First,Individual,43000
1251,1251,First,Corporate,95200
1252,1252,First,Individual,26000
1253,1253,First,Individual,70000
1254,1254,First,Individual,31000
1255,1255,Second,Individual,103000
1256,1256,First,Individual,54556
1257,1257,First,Individual,74000
1258,1258,First,Individual,64000
1259,1259,Second,Individual,85000
1260,1260,First,Individual,54000
1261,1261,First,Individual,57000
1262,1262,First,Individual,38000
1263,1263,First,Individual,68566
1264,1264,First,Individual,68195
1265,1265,First,Individual,57000
1266,1266,First,Individual,45000
1267,1267,First,Individual,60116
1268,1268,Second,Individual,82202
1269,1269,Second,Individual,51000
1270,1270,First,Individual,24000
1271,1271,First,Individual,86000
1272,1272,First,Individual,41000
1273,1273,First,Individual,76000
1274,1274,First,Individual,120000
1275,1275,First,Individual,12500
1276,1276,First,Corporate,6300
1277,1277,First,Individual,114000
1278,1278,First,Individual,25862
1279,1279,First,Individual,35000
1280,1280,First,Individual,72000
1281,1281,First,Individual,90000
1282,1282,First,Individual,38000
1283,1283,First,Individual,7000
1284,1284,Second,Individual,83985
1285,1285,First,Individual,74237
1286,1286,Second,Individual,53000
1287,1287,First,Commercial Registration,52303
1288,1288,First,Individual,42356
1289,1289,First,Individual,84000
1290,1290,First,Individual,114000
1291,1291,First,Individual,26894
1292,1292,Second,Individual,70000
1293,1293,First,Individual,98352
1294,1294,Third,Individual,107000
1295,1295,First,Individual,68000
1296,1296,First,Individual,52000
1297,1297,First,Individual,31059
1298,1298,First,Individual,114000
1299,1299,First,Individual,35000
1300,1300,First,Individual,44000
1301,1301,First,Individual,72000
1302,1302,First,Individual,8000
1303,1303,First,Individual,54000
1304,1304,Second,Individual,99000
1305,1305,First,Individual,88000
1306,1306,Second,Individual,11000
1307,1307,First,Individual,19000
1308,1308,First,Individual,33000
1309,1309,First,Individual,44153
1310,1310,First,Individual,32368
1311,1311,First,Individual,42000
1312,1312,First,Individual,56000
1313,1313,First,Individual,10000
1314,1314,First,Individual,63000
1315,1315,First,Individual,49422
1316,1316,First,Corporate,19000
1317,1317,First,Individual,75258
1318,1318,First,Individual,46000
1319,1319,First,Individual,68921
1320,1320,First,Individual,79800
1321,1321,Second,Individual,53000
1322,1322,First,Individual,59000
1323,1323,First,Individual,30000
1324,1324,Third,Individual,65000
1325,1325,First,Individual,58000
1326,1326,First,Individual,94000
1327,1327,First,Individual,45000
1328,1328,First,Individual,62152
1329,1329,First,Individual,28000
1330,1330,First,Individual,15000
1331,1331,Second,Individual,53610
1332,1332,First,Individual,75000
1333,1333,First,Individual,16000
1334,1334,First,Individual,60000
1335,1335,Second,Individual,101923
1336,1336,First,Individual,45000
1337,1337,First,Individual,120000
1338,1338,Third,Individual,56400
1339,1339,First,Individual,70000
1340,1340,First,Individual,82567
1341,1341,First,Individual,32000
1342,1342,Second,Individual,68244
1343,1343,Second,Individual,25000
1344,1344,First,Individual,34000
1345,1345,First,Individual,36000
1346,1346,First,Individual,36000
1347,1347,First,Individual,68005
1348,1348,First,Individual,74797
1349,1349,First,Individual,12000
1350,1350,First,Individual,31000
1351,1351,First,Individual,7520
1352,1352,Second,Individual,58078
1353,1353,First,Individual,79081
1354,1354,First,Individual,28000
1355,1355,First,Individual,72000
1356,1356,First,Individual,23000
1357,1357,First,Individual,74000
1358,1358,First,Individual,11628
1359,1359,First,Individual,81323
1360,1360,First,Individual,50000
1361,1361,First,Individual,145000
1362,1362,First,Individual,48000
1363,1363,First,Individual,80000
1364,1364,First,Individual,28513
1365,1365,Second,Individual,42000
1366,1366,First,Individual,87000
1367,1367,Second,Individual,55700
1368,1368,First,Individual,45600
1369,1369,Second,Individual,78000
1370,1370,Third,Individual,55000
1371,1371,First,Individual,3000
1372,1372,First,Individual,52458
1373,1373,First,Individual,30000
1374,1374,First,Individual,46992
1375,1375,First,Individual,54440
1376,1376,First,Individual,32000
1377,1377,First,Individual,103000
1378,1378,First,Individual,28600
1379,1379,First,Individual,72000
1380,1380,First,Individual,64906
1381,1381,First,Individual,79000
1382,1382,First,Individual,64000
1383,1383,First,Individual,56000
1384,1384,Second,Individual,85000
1385,1385,First,Individual,12000
1386,1386,First,Individual,67900
1387,1387,First,Individual,48144
1388,1388,First,Individual,7100
1389,1389,First,Individual,9000
1390,1390,First,Individual,64000
1391,1391,First,Individual,38000
1392,1392,First,Individual,65321
1393,1393,Third,Individual,80000
1394,1394,First,Individual,37093
1395,1395,First,Individual,37230
1396,1396,First,Individual,76116
1397,1397,First,Individual,83359
1398,1398,Second,Individual,30000
1399,1399,First,Individual,38000
1400,1400,First,Individual,28000
1401,1401,First,Individual,14120
1402,1402,First,Individual,25000
1403,1403,First,Individual,28584
1404,1404,First,Individual,87000
1405,1405,First,Individual,50000
1406,1406,First,Individual,63200
1407,1407,First,Individual,55000
1408,1408,First,Individual,71569
1409,1409,First,Individual,41200
1410,1410,First,Individual,117000
1411,1411,Second,Individual,65000
1412,1412,First,Individual,33000
1413,1413,First,Individual,21000
1414,1414,First,Individual,23000
1415,1415,First,Individual,26357
1416,1416,First,Individual,33500
1417,1417,First,Commercial Registration,5923
1418,1418,First,Individual,72000
1419,1419,Second,Individual,54154
1420,1420,First,Individual,14000
1421,1421,First,Individual,35500
1422,1422,First,Individual,63000
1423,1423,First,Individual,52836
1424,1424,First,Individual,50000
1425,1425,First,Individual,72114
1426,1426,Second,Individual,72000
1427,1427,First,Individual,24000
1428,1428,First,Individual,42000
1429,1429,First,Individual,27600
1430,1430,First,Individual,31000
1431,1431,Second,Individual,32000
1432,1432,First,Individual,55000
1433,1433,First,Individual,31059
1434,1434,First,Individual,72200
1435,1435,Second,Individual,72000
1436,1436,First,Individual,77000
1437,1437,Second,Individual,26497
1438,1438,First,Individual,57000
1439,1439,Second,Individual,56000
1440,1440,First,Individual,20100
1441,1441,Second,Individual,67000
1442,1442,First,Individual,14500
1443,1443,First,Individual,41000
1444,1444,First,Individual,30000
1445,1445,First,Individual,19000
1446,1446,First,Individual,110000
1447,1447,Second,Individual,115339
1448,1448,Second,Individual,18000
1449,1449,First,Individual,4500
1450,1450,First,Individual,56000
1451,1451,First,Individual,49000
1452,1452,First,Individual,7000
1453,1453,First,Individual,78362
1454,1454,First,Individual,30000
1455,1455,First,Individual,59000
1456,1456,First,Individual,49000
1457,1457,First,Corporate,60513
1458,1458,First,Individual,56500
1459,1459,First,Individual,71000
1460,1460,Second,Individual,88000
1461,1461,First,Individual,68000
1462,1462,First,Individual,94827
1463,1463,First,Individual,62000
1464,1464,First,Individual,57000
1465,1465,First,Individual,22120
1466,1466,First,Individual,11000
1467,1467,First,Individual,58000
1468,1468,First,Individual,54572
1469,1469,First,Individual,56000
1470,1470,Second,Individual,89000
1471,1471,First,Individual,42000
1472,1472,First,Individual,6000
1473,1473,First,Individual,79500
1474,1474,Second,Individual,82000
1475,1475,First,Individual,34228
1476,1476,Second,Individual,141334
1477,1477,First,Individual,50000
1478,1478,First,Individual,65000
1479,1479,First,Individual,20000
1480,1480,First,Individual,24000
1481,1481,First,Individual,36000
1482,1482,First,Individual,117000
1483,1483,First,Individual,24000
1484,1484,First,Individual,82000
1485,1485,First,Individual,78000
1486,1486,Second,Individual,45000
1487,1487,First,Individual,50000
1488,1488,Second,Individual,24000
1489,1489,Second,Individual,77000
1490,1490,First,Individual,55000
1491,1491,First,Individual,66000
1492,1492,First,Individual,37000
1493,1493,First,Individual,80350
1494,1494,First,Individual,102000
1495,1495,Second,Individual,48200
1496,1496,Second,Individual,55000
1497,1497,First,Individual,14000
1498,1498,First,Individual,25000
1499,1499,First,Individual,20124
1500,1500,First,Individual,55660
1501,1501,First,Individual,94580
1502,1502,Second,Individual,45000
1503,1503,First,Individual,10000
1504,1504,First,Individual,57000
1505,1505,First,Individual,45000
1506,1506,Second,Individual,90342
1507,1507,First,Individual,1000
1508,1508,First,Individual,135000
1509,1509,Second,Individual,123000
1510,1510,First,Individual,47531
1511,1511,Second,Individual,79000
1512,1512,First,Individual,95000
1513,1513,First,Individual,53000
1514,1514,First,Individual,30000
1515,1515,First,Individual,65000
1516,1516,First,Individual,440000
1517,1517,First,Individual,63088
1518,1518,Second,Individual,62000
1519,1519,Third,Individual,80000
1520,1520,First,Individual,29000
1521,1521,First,Individual,2600
1522,1522,First,Individual,81000
1523,1523,First,Individual,73000
1524,1524,First,Individual,34000
1525,1525,First,Individual,36623
1526,1526,First,Individual,30000
1527,1527,First,Individual,5000
1528,1528,Second,Individual,80121
1529,1529,First,Individual,64000
1530,1530,Second,Individual,39000
1531,1531,Second,Individual,70000
1532,1532,Second,Individual,36000
1533,1533,First,Individual,40000
1534,1534,UnRegistered Car,Individual,1102
1535,1535,First,Individual,62000
1536,1536,First,Individual,97000
1537,1537,First,Individual,43550
1538,1538,First,Individual,28000
1539,1539,First,Individual,47874
1540,1540,First,Individual,87001
1541,1541,First,Individual,72000
1542,1542,First,Individual,59000
1543,1543,Second,Individual,143477
1544,1544,First,Individual,85900
1545,1545,First,Individual,10000
1546,1546,First,Individual,47000
1547,1547,First,Individual,55000
1548,1548,Second,Individual,69508
1549,1549,First,Individual,2500
1550,1550,First,Individual,64000
1551,1551,Second,Individual,53089
1552,1552,First,Individual,90000
1553,1553,First,Individual,23000
1554,1554,First,Individual,55000
1555,1555,Second,Individual,64000
1556,1556,First,Individual,52236
1557,1557,First,Individual,76000
1558,1558,First,Individual,19000
1559,1559,First,Individual,97000
1560,1560,First,Individual,76000
1561,1561,First,Individual,15000
1562,1562,First,Individual,98000
1563,1563,Second,Individual,36597
1564,1564,First,Individual,500
1565,1565,First,Individual,48000
1566,1566,Second,Individual,55000
1567,1567,First,Individual,16000
1568,1568,First,Individual,53000
1569,1569,First,Individual,35000
1570,1570,First,Individual,50000
1571,1571,First,Individual,52600
1572,1572,First,Individual,25000
1573,1573,First,Individual,74000
1574,1574,First,Individual,85000
1575,1575,First,Individual,28000
1576,1576,First,Corporate,35000
1577,1577,First,Individual,17000
1578,1578,First,Individual,57000
1579,1579,First,Corporate,10000
1580,1580,First,Individual,63300
1581,1581,First,Individual,46000
1582,1582,Second,Individual,64000
1583,1583,First,Individual,4600
1584,1584,First,Individual,23000
1585,1585,First,Individual,144933
1586,1586,First,Individual,80000
1587,1587,First,Individual,32545
1588,1588,First,Individual,31000
1589,1589,Second,Individual,50000
1590,1590,Second,Individual,65000
1591,1591,First,Individual,26000
1592,1592,First,Individual,27000
1593,1593,First,Individual,62000
1594,1594,First,Individual,17000
1595,1595,Second,Individual,39234
1596,1596,First,Individual,72000
1597,1597,First,Individual,41215
1598,1598,First,Corporate,16519
1599,1599,Second,Individual,51000
1600,1600,First,Individual,74179
1601,1601,First,Individual,13000
1602,1602,First,Individual,31056
1603,1603,Second,Individual,49148
1604,1604,First,Individual,13000
1605,1605,First,Individual,19000
1606,1606,First,Individual,152000
1607,1607,First,Individual,59000
1608,1608,First,Individual,32000
1609,1609,First,Individual,72000
1610,1610,First,Individual,80000
1611,1611,First,Individual,21894
1612,1612,First,Individual,21000
1613,1613,First,Individual,63587
1614,1614,First,Individual,32000
1615,1615,Second,Individual,53694
1616,1616,Second,Individual,140000
1617,1617,First,Individual,91100
1618,1618,Second,Individual,58000
1619,1619,First,Individual,76148
1620,1620,First,Individual,104000
1621,1621,First,Individual,50000
1622,1622,First,Individual,56000
1623,1623,First,Individual,48000
1624,1624,First,Individual,23000
1625,1625,UnRegistered Car,Individual,5600
1626,1626,First,Individual,33000
1627,1627,First,Individual,58900
1628,1628,First,Individual,65000
1629,1629,First,Individual,222000
1630,1630,First,Individual,20000
1631,1631,First,Individual,32000
1632,1632,First,Individual,62000
1633,1633,First,Individual,71000
1634,1634,Third,Individual,61000
1635,1635,First,Corporate,42152
1636,1636,First,Individual,29000
1637,1637,Second,Individual,158690
1638,1638,First,Individual,61000
1639,1639,Second,Individual,92000
1640,1640,First,Individual,42000
1641,1641,First,Individual,60969
1642,1642,First,Individual,93000
1643,1643,First,Individual,100000
1644,1644,First,Individual,31000
1645,1645,First,Individual,55000
1646,1646,First,Individual,68320
1647,1647,First,Individual,65000
1648,1648,Second,Individual,95000
1649,1649,Second,Individual,85785
1650,1650,First,Individual,38000
1651,1651,First,Individual,12905
1652,1652,First,Individual,26000
1653,1653,First,Individual,9000
1654,1654,Second,Individual,65000
1655,1655,First,Individual,48000
1656,1656,First,Individual,91000
1657,1657,Second,Individual,84873
1658,1658,First,Individual,15000
1659,1659,First,Individual,52000
1660,1660,Third,Individual,90000
1661,1661,First,Individual,58000
1662,1662,First,Individual,67000
1663,1663,First,Individual,67000
1664,1664,First,Individual,37556
1665,1665,First,Individual,54000
1666,1666,First,Individual,42000
1667,1667,First,Individual,55000
1668,1668,First,Individual,23952
1669,1669,Second,Individual,92000
1670,1670,First,Individual,34000
1671,1671,First,Individual,44300
1672,1672,First,Individual,65000
1673,1673,First,Individual,102000
1674,1674,First,Individual,110000
1675,1675,First,Individual,11000
1676,1676,First,Individual,39000
1677,1677,Second,Individual,65000
1678,1678,First,Individual,42500
1679,1679,Second,Individual,80000
1680,1680,First,Individual,25200
1681,1681,First,Individual,132683
1682,1682,First,Individual,81000
1683,1683,Second,Individual,58888
1684,1684,First,Individual,30000
1685,1685,Second,Individual,50599
1686,1686,Second,Individual,29000
1687,1687,First,Individual,23000
1688,1688,First,Individual,50000
1689,1689,Second,Individual,84878
1690,1690,First,Individual,31000
1691,1691,First,Individual,71063
1692,1692,First,Individual,69001
1693,1693,Second,Individual,62000
1694,1694,First,Individual,82000
1695,1695,First,Individual,49200
1696,1696,Second,Individual,8000
1697,1697,First,Individual,58000
1698,1698,First,Individual,64000
1699,1699,First,Individual,48568
1700,1700,First,Individual,66500
1701,1701,First,Individual,58590
1702,1702,Second,Individual,59000
1703,1703,First,Individual,47000
1704,1704,First,Individual,40000
1705,1705,First,Individual,13092
1706,1706,First,Individual,57057
1707,1707,First,Individual,90000
1708,1708,First,Individual,45000
1709,1709,First,Individual,44000
1710,1710,First,Individual,17000
1711,1711,First,Individual,50860
1712,1712,First,Individual,20000
1713,1713,First,Individual,51000
1714,1714,First,Individual,24000
1715,1715,First,Corporate,34908
1716,1716,First,Individual,67000
1717,1717,Second,Individual,19000
1718,1718,First,Corporate,30600
1719,1719,First,Individual,49500
1720,1720,First,Individual,18800
1721,1721,First,Individual,100000
1722,1722,First,Individual,50050
1723,1723,First,Individual,14000
1724,1724,Second,Individual,55000
1725,1725,First,Individual,23000
1726,1726,First,Individual,35000
1727,1727,First,Individual,20734
1728,1728,First,Individual,15200
1729,1729,First,Individual,83000
1730,1730,First,Individual,75000
1731,1731,First,Individual,42794
1732,1732,First,Corporate,40000
1733,1733,First,Individual,41000
1734,1734,First,Individual,72256
1735,1735,First,Individual,17300
1736,1736,First,Individual,68000
1737,1737,First,Individual,43600
1738,1738,First,Individual,43000
1739,1739,First,Individual,17283
1740,1740,First,Individual,59000
1741,1741,First,Individual,88000
1742,1742,First,Individual,19000
1743,1743,First,Individual,9500
1744,1744,First,Individual,36000
1745,1745,First,Individual,32000
1746,1746,First,Individual,53300
1747,1747,UnRegistered Car,Individual,1
1748,1748,Second,Individual,32005
1749,1749,First,Individual,35000
1750,1750,First,Individual,18223
1751,1751,Second,Individual,92000
1752,1752,Second,Individual,22000
1753,1753,First,Individual,62000
1754,1754,Second,Individual,4000
1755,1755,First,Individual,72000
1756,1756,First,Individual,60798
1757,1757,First,Individual,20000
1758,1758,First,Individual,18000
1759,1759,Second,Individual,78000
1760,1760,First,Individual,52000
1761,1761,First,Individual,10000
1762,1762,First,Individual,32000
1763,1763,First,Individual,138000
1764,1764,Third,Individual,84500
1765,1765,Second,Individual,47000
1766,1766,First,Individual,20000
1767,1767,UnRegistered Car,Individual,0
1768,1768,First,Individual,73000
1769,1769,First,Individual,72000
1770,1770,First,Individual,42000
1771,1771,First,Individual,9000
1772,1772,First,Individual,33000
1773,1773,Third,Individual,36528
1774,1774,First,Individual,30000
1775,1775,First,Individual,17000
1776,1776,First,Individual,79000
1777,1777,First,Corporate,15087
1778,1778,First,Individual,41000
1779,1779,First,Individual,32500
1780,1780,Second,Individual,61000
1781,1781,First,Individual,85000
1782,1782,Second,Individual,55000
1783,1783,UnRegistered Car,Individual,45000
1784,1784,First,Individual,58000
1785,1785,First,Individual,4400
1786,1786,First,Individual,35000
1787,1787,First,Individual,22346
1788,1788,Second,Individual,23280
1789,1789,First,Individual,72000
1790,1790,First,Individual,82000
1791,1791,Second,Individual,86000
1792,1792,First,Individual,38000
1793,1793,First,Individual,138314
1794,1794,First,Individual,9900
1795,1795,UnRegistered Car,Individual,12500
1796,1796,First,Individual,51529
1797,1797,First,Individual,60000
1798,1798,First,Individual,48000
1799,1799,First,Individual,90000
1800,1800,First,Individual,63000
1801,1801,First,Individual,65822
1802,1802,First,Individual,102000
1803,1803,Second,Individual,72100
1804,1804,UnRegistered Car,Individual,7534
1805,1805,First,Individual,34000
1806,1806,Second,Individual,75000
1807,1807,First,Individual,99000
1808,1808,First,Individual,42000
1809,1809,First,Individual,118000
1810,1810,First,Individual,78000
1811,1811,First,Individual,44000
1812,1812,Second,Individual,88757
1813,1813,Second,Individual,85000
1814,1814,First,Corporate,12136
1815,1815,First,Individual,2200
1816,1816,First,Individual,49000
1817,1817,First,Individual,6000
1818,1818,First,Individual,64000
1819,1819,Second,Individual,109000
1820,1820,First,Individual,32000
1821,1821,First,Individual,13000
1822,1822,Fourth,Individual,90000
1823,1823,First,Individual,35000
1824,1824,First,Individual,112000
1825,1825,First,Individual,40000
1826,1826,First,Individual,53580
1827,1827,Second,Individual,51500
1828,1828,First,Individual,22000
1829,1829,First,Individual,23700
1830,1830,First,Individual,48069
1831,1831,First,Individual,48000
1832,1832,First,Individual,47981
1833,1833,First,Individual,26000
1834,1834,First,Individual,63000
1835,1835,Second,Individual,71500
1836,1836,First,Individual,16630
1837,1837,First,Individual,36000
1838,1838,First,Individual,47255
1839,1839,First,Individual,50000
1840,1840,First,Individual,18703
1841,1841,UnRegistered Car,Individual,7935
1842,1842,First,Individual,9355
1843,1843,First,Individual,34800
1844,1844,Second,Individual,72000
1845,1845,First,Individual,86288
1846,1846,First,Individual,24003
1847,1847,First,Individual,28000
1848,1848,First,Individual,65000
1849,1849,First,Individual,75000
1850,1850,Second,Individual,45000
1851,1851,Second,Individual,71000
1852,1852,First,Individual,54000
1853,1853,First,Individual,49776
1854,1854,First,Individual,61000
1855,1855,Second,Corporate,68000
1856,1856,First,Individual,47884
1857,1857,First,Individual,56000
1858,1858,First,Individual,58424
1859,1859,First,Individual,55000
1860,1860,Second,Individual,100000
1861,1861,First,Individual,45000
1862,1862,First,Individual,75000
1863,1863,First,Individual,47000
1864,1864,First,Individual,38000
1865,1865,First,Individual,17000
1866,1866,First,Individual,20000
1867,1867,First,Individual,925000
1868,1868,First,Individual,35000
1869,1869,Second,Individual,34303
1870,1870,First,Individual,34000
1871,1871,First,Individual,8000
1872,1872,First,Individual,27000
1873,1873,First,Individual,6600
1874,1874,Third,Individual,125000
1875,1875,First,Individual,13424
1876,1876,First,Individual,78000
1877,1877,First,Individual,69276
1878,1878,First,Individual,31000
1879,1879,Second,Individual,33000
1880,1880,First,Individual,54000
1881,1881,First,Individual,54000
1882,1882,First,Individual,75000
1883,1883,First,Individual,63651
1884,1884,Third,Individual,71796
1885,1885,Second,Individual,74000
1886,1886,First,Individual,82461
1887,1887,First,Individual,66000
1888,1888,First,Individual,87000
1889,1889,Second,Individual,61109
1890,1890,First,Individual,32000
1891,1891,First,Individual,6600
1892,1892,First,Individual,14000
1893,1893,Second,Individual,135797
1894,1894,First,Individual,42475
1895,1895,First,Individual,27239
1896,1896,First,Individual,66000
1897,1897,First,Individual,2272
1898,1898,First,Individual,50000
1899,1899,First,Individual,17491
1900,1900,First,Individual,38674
1901,1901,First,Individual,40000
1902,1902,First,Individual,14000
1903,1903,First,Individual,32000
1904,1904,Third,Individual,72000
1905,1905,First,Individual,82000
1906,1906,Second,Individual,52000
1907,1907,First,Individual,38500
1908,1908,Third,Individual,56000
1909,1909,First,Individual,42000
1910,1910,First,Individual,57983
1911,1911,First,Corporate,15600
1912,1912,First,Individual,26000
1913,1913,UnRegistered Car,Individual,5000
1914,1914,Second,Individual,90000
1915,1915,Second,Individual,43323
1916,1916,First,Individual,94182
1917,1917,First,Individual,3395
1918,1918,First,Individual,53213
1919,1919,First,Individual,93000
1920,1920,First,Individual,45000
1921,1921,First,Individual,110000
1922,1922,First,Individual,70000
1923,1923,First,Individual,40000
1924,1924,First,Individual,52000
1925,1925,First,Individual,6200
1926,1926,First,Individual,75650
1927,1927,Third,Individual,60000
1928,1928,First,Individual,89000
1929,1929,Second,Individual,43000
1930,1930,First,Individual,56000
1931,1931,Second,Individual,57000
1932,1932,First,Individual,56000
1933,1933,First,Individual,60000
1934,1934,First,Individual,61805
1935,1935,Second,Individual,58000
1936,1936,First,Individual,33000
1937,1937,Second,Individual,70000
1938,1938,First,Individual,48000
1939,1939,First,Individual,12400
1940,1940,First,Individual,92000
1941,1941,First,Individual,64000
1942,1942,First,Individual,18000
1943,1943,First,Individual,53376
1944,1944,First,Individual,70000
1945,1945,Second,Individual,70000
1946,1946,First,Individual,65123
1947,1947,First,Individual,58600
1948,1948,First,Individual,7500
1949,1949,First,Individual,39000
1950,1950,First,Individual,23000
1951,1951,First,Individual,27900
1952,1952,First,Individual,42000
1953,1953,Second,Individual,27011
1954,1954,First,Individual,122000
1955,1955,First,Individual,48000
1956,1956,First,Individual,9000
1957,1957,First,Individual,32000
1958,1958,First,Individual,54000
1959,1959,First,Individual,57000
1960,1960,First,Individual,90000
1961,1961,First,Individual,49000
1962,1962,Second,Individual,71000
1963,1963,Second,Individual,20000
1964,1964,First,Individual,12300
1965,1965,First,Individual,5000
1966,1966,First,Individual,68000
1967,1967,First,Individual,17000
1968,1968,First,Individual,15000
1969,1969,Second,Individual,24444
1970,1970,First,Individual,43000
1971,1971,First,Individual,18000
1972,1972,First,Individual,82000
1973,1973,First,Individual,57000
1974,1974,First,Individual,2610
1975,1975,Second,Individual,92000
1976,1976,First,Individual,40879
1977,1977,First,Individual,80000
1978,1978,UnRegistered Car,Individual,5500
1979,1979,Second,Individual,89000
1980,1980,First,Corporate,68690
1981,1981,UnRegistered Car,Individual,50000
1982,1982,First,Individual,19000
1983,1983,First,Individual,130000
1984,1984,First,Individual,35000
1985,1985,Second,Individual,64418
1986,1986,First,Individual,10265
1987,1987,First,Individual,15000
1988,1988,First,Individual,85000
1989,1989,Second,Individual,90000
1990,1990,First,Individual,89000
1991,1991,First,Individual,43000
1992,1992,Second,Individual,219000
1993,1993,First,Individual,261236
1994,1994,First,Individual,50000
1995,1995,Third,Individual,48000
1996,1996,First,Individual,39000
1997,1997,First,Individual,33030
1998,1998,Second,Individual,86000
1999,1999,First,Individual,55000
2000,2000,First,Individual,35000
2001,2001,First,Individual,2000
2002,2002,First,Individual,90000
2003,2003,Second,Individual,96506
2004,2004,First,Individual,88000
2005,2005,Second,Individual,140987
2006,2006,First,Individual,52000
2007,2007,First,Individual,54443
2008,2008,First,Corporate,9500
2009,2009,Second,Individual,75000
2010,2010,Second,Individual,89000
2011,2011,First,Individual,42000
2012,2012,Second,Individual,25000
2013,2013,First,Individual,39000
2014,2014,First,Individual,86000
2015,2015,Second,Individual,50300
2016,2016,First,Individual,43000
2017,2017,First,Individual,83555
2018,2018,First,Individual,27500
2019,2019,First,Individual,75000
2020,2020,First,Individual,87000
2021,2021,First,Individual,5800
2022,2022,First,Individual,173000
2023,2023,First,Individual,7000
2024,2024,First,Individual,121000
2025,2025,First,Individual,96000
2026,2026,First,Individual,57885
2027,2027,First,Individual,38091
2028,2028,First,Individual,34000
2029,2029,First,Individual,75000
2030,2030,First,Individual,82000
2031,2031,First,Individual,20000
2032,2032,Second,Individual,65000
2033,2033,First,Individual,88000
2034,2034,Second,Individual,65000
2035,2035,First,Individual,65000
2036,2036,Second,Individual,41000
2037,2037,Third,Individual,127000
2038,2038,Second,Individual,51834
2039,2039,First,Individual,28000
2040,2040,Second,Individual,39000
2041,2041,First,Individual,116592
2042,2042,First,Individual,80000
2043,2043,First,Individual,32000
2044,2044,First,Individual,21200
2045,2045,First,Individual,75
2046,2046,Second,Individual,75693
2047,2047,First,Individual,85000
2048,2048,First,Individual,49000
2049,2049,Second,Individual,71000
2050,2050,First,Individual,80000
2051,2051,First,Individual,47000
2052,2052,First,Individual,48000
2053,2053,First,Individual,68000
2054,2054,Second,Individual,79000
2055,2055,First,Individual,90300
2056,2056,Second,Individual,83000
2057,2057,First,Individual,73000
2058,2058,First,Individual,60474
2059,2059,First,Individual,72000
